{
    "camera_matrix": [
        [
            2382.2102967601186,
            0.0,
            1683.5577094064624
        ],
        [
            0.0,
            2376.5873110007064,
            828.372729981881
        ],
        [
            0.0,
            0.0,
            1.0
        ]
    ],
    "distortion_coefficients": [
        [
            0.05371770117679221,
            0.08850763021413022,
            -0.0057248504255964115,
            0.013905909552075582,
            -0.348133858753057
        ]
    ]
}